<?xml version="1.0" encoding="UTF-8"?>
<beans xmlns="http://www.springframework.org/schema/beans"
       xmlns:xsi="http://www.w3.org/2001/XMLSchema-instance"
       xmlns:context="http://www.springframework.org/schema/context"
       xmlns:mvc="http://www.springframework.org/schema/mvc"
       xmlns:aop="http://www.springframework.org/schema/aop"
       xsi:schemaLocation="http://www.springframework.org/schema/mvc http://www.springframework.org/schema/mvc/spring-mvc-3.2.xsd
       http://www.springframework.org/schema/beans http://www.springframework.org/schema/beans/spring-beans-3.1.xsd
       http://www.springframework.org/schema/aop http://www.springframework.org/schema/aop/spring-aop-3.1.xsd
       http://www.springframework.org/schema/context http://www.springframework.org/schema/context/spring-context-3.1.xsd">
    <!-- 	扫描组件 -->
    <context:component-scan base-package="com.wangjianxin.controller">
    </context:component-scan>
    <aop:aspectj-autoproxy proxy-target-class="true"/>
    <!-- 	视图解释 -->
    <mvc:resources mapping="/resources/**" location="/resources/"/>
    <!--默认的注解映射的支持-->
    <mvc:annotation-driven>
        <mvc:message-converters register-defaults="true">
            <bean class="org.springframework.http.converter.StringHttpMessageConverter">
                <constructor-arg value="UTF-8"/>
            </bean>
            <bean class="org.springframework.http.converter.json.MappingJackson2HttpMessageConverter">
                <property name="objectMapper">
                    <bean class="com.github.miemiedev.mybatis.paginator.jackson2.PageListJsonMapper"/>
                </property>
                <property name="supportedMediaTypes">
                    <list>
                        <value>text/json;charset=UTF-8</value>
                    </list>
                </property>
            </bean>
        </mvc:message-converters>
    </mvc:annotation-driven>
    <!--设置静态资源handler -->
    <mvc:default-servlet-handler/>
    <!-- 支持上传文件 -->
    <bean id="multipartResolver" class="org.springframework.web.multipart.commons.CommonsMultipartResolver"/>
    <!-- @ResponseBody方法异常处理-->
    <bean id="mappingJackson2HttpMessageConverter"
          class="org.springframework.http.converter.json.MappingJackson2HttpMessageConverter">
        <property name="objectMapper">
            <bean class="com.github.miemiedev.mybatis.paginator.jackson2.PageListJsonMapper"/>
        </property>
    </bean>
    <mvc:interceptors>
        <mvc:interceptor>
            <mvc:mapping path="/**"/>
            <!-- 如果不配置或/*,将拦截所有的Controller-->
            <bean class="com.github.miemiedev.mybatis.paginator.springmvc.PageListAttrHandlerInterceptor"/>
        </mvc:interceptor>
    </mvc:interceptors>
    <bean class="org.springframework.web.servlet.view.InternalResourceViewResolver">
        <property name="prefix" value="/WEB-INF/jsp/"/>
        <property name="suffix" value=".jsp"/>
    </bean>
</beans>